Workbook

Sheet Read Me
A1: Indian Crop Leaf Disease Datasets - Source Catalogue
A2: Research for the AI Plant Disease Detection System data expansion. Compiled 25 Sep 2026.
A4: Sheets
A5: Dataset Catalogue | B5: One row per dataset: crop, location, classes, image count, licence, clickable download and paper links, verification status and fit notes.
A6: Summary | B6: Live counts by tier and by crop (formulas over the catalogue).
A7: Leads to Verify | B7: Datasets found by title only; not yet checked. Each has a clickable link and a next step.
A8: All Sources | B8: Every URL used in this research, clickable, with its type.
A9: Context Data Sources | B9: Free weather, soil, satellite, land-cover and disease-rule sources (added 26 Sep 2026): what each gives, licence, commercial use, and whether Claude Code can automate it.
A10: Setup Steps | B10: One-time manual steps (accounts, keys, expert review) needed before Claude Code can automate the context sources.
A12: Priority tiers
A13: Tier 1 | B13: Collected in India, field photos, Healthy class, public download. Recommended for new crop heads.
A14: Tier 2 | B14: Collected in Bangladesh (same climate and diseases). Use as test sets or backup; domain shift risk.
A15: Expand existing | B15: More data or classes for crops already in the model (rice, sugarcane).
A16: Not usable / gap | B16: Missing Healthy class, not downloadable, too small, wrong plant part, or no provenance.
A18: Verification status
A19: Verified | B19: Classes, location and size read directly from the dataset page or paper.
A20: Partial | B20: Some fields (usually per-class counts or licence) were not listed on the page.
A21: Not verified | B21: Page was blocked (403 / rate limit) during research; open the link manually before use.
A23: Selection rules applied
A24: 1. Healthy class | B24: Required, following the project's earlier decision to drop chickpea (FUSARIUM-22).
A25: 2. One source per head | B25: Don't mix sources inside a crop unless every class has images from each source (YR-19 lesson). Run Grad-CAM after any merge.
A26: 3. Backgrounds | B26: Reject or test-only any dataset shot on plain white or dark backgrounds.
A27: 4. Licence | B27: Most sets are CC BY-NC: fine for academic / demo use; commercial launch needs author permission. CC BY-NC-ND: do not redistribute modified images.
A28: 5. Raw over augmented | B28: Download raw images only; the pipeline applies its own augmentation.

Sheet Summary
A1: Summary
A2: All figures are formulas over the Dataset Catalogue sheet and update if it is edited.
A4: Priority Tier | B4: Datasets | C4: Images (published counts) | D4: Verified | E4: Partial | F4: Not verified
A5: Tier 1 | B5: =COUNTIF('Dataset Catalogue'!$B$2:$B$34,A5) -> 15 | C5: =SUMIF('Dataset Catalogue'!$B$2:$B$34,A5,'Dataset Catalogue'!$H$2:$H$34) -> 76684 | D5: =COUNTIFS('Dataset Catalogue'!$B$2:$B$34,A5,'Dataset Catalogue'!$P$2:$P$34,"Verified") -> 5 | E5: =COUNTIFS('Dataset Catalogue'!$B$2:$B$34,A5,'Dataset Catalogue'!$P$2:$P$34,"Partial") -> 8 | F5: =COUNTIFS('Dataset Catalogue'!$B$2:$B$34,A5,'Dataset Catalogue'!$P$2:$P$34,"Not verified") -> 2
A6: Tier 2 | B6: =COUNTIF('Dataset Catalogue'!$B$2:$B$34,A6) -> 7 | C6: =SUMIF('Dataset Catalogue'!$B$2:$B$34,A6,'Dataset Catalogue'!$H$2:$H$34) -> 18429 | D6: =COUNTIFS('Dataset Catalogue'!$B$2:$B$34,A6,'Dataset Catalogue'!$P$2:$P$34,"Verified") -> 4 | E6: =COUNTIFS('Dataset Catalogue'!$B$2:$B$34,A6,'Dataset Catalogue'!$P$2:$P$34,"Partial") -> 2 | F6: =COUNTIFS('Dataset Catalogue'!$B$2:$B$34,A6,'Dataset Catalogue'!$P$2:$P$34,"Not verified") -> 1
A7: Expand existing | B7: =COUNTIF('Dataset Catalogue'!$B$2:$B$34,A7) -> 2 | C7: =SUMIF('Dataset Catalogue'!$B$2:$B$34,A7,'Dataset Catalogue'!$H$2:$H$34) -> 18794 | D7: =COUNTIFS('Dataset Catalogue'!$B$2:$B$34,A7,'Dataset Catalogue'!$P$2:$P$34,"Verified") -> 1 | E7: =COUNTIFS('Dataset Catalogue'!$B$2:$B$34,A7,'Dataset Catalogue'!$P$2:$P$34,"Partial") -> 1 | F7: =COUNTIFS('Dataset Catalogue'!$B$2:$B$34,A7,'Dataset Catalogue'!$P$2:$P$34,"Not verified") -> 0
A8: Not usable / gap | B8: =COUNTIF('Dataset Catalogue'!$B$2:$B$34,A8) -> 9 | C8: =SUMIF('Dataset Catalogue'!$B$2:$B$34,A8,'Dataset Catalogue'!$H$2:$H$34) -> 20040 | D8: =COUNTIFS('Dataset Catalogue'!$B$2:$B$34,A8,'Dataset Catalogue'!$P$2:$P$34,"Verified") -> 4 | E8: =COUNTIFS('Dataset Catalogue'!$B$2:$B$34,A8,'Dataset Catalogue'!$P$2:$P$34,"Partial") -> 3 | F8: =COUNTIFS('Dataset Catalogue'!$B$2:$B$34,A8,'Dataset Catalogue'!$P$2:$P$34,"Not verified") -> 2
A9: Total | B9: =SUM(B5:B8) -> 33 | C9: =SUM(C5:C8) -> 133947 | D9: =SUM(D5:D8) -> 14 | E9: =SUM(E5:E8) -> 14 | F9: =SUM(F5:F8) -> 5
A11: New crops available (Tier 1 = India, Tier 2 = Bangladesh backup)
A12: Crop | B12: Tier 1 datasets | C12: Tier 2 datasets | D12: Tier 1 images (published) | E12: Best starting dataset
A13: Chilli | B13: =COUNTIFS('Dataset Catalogue'!$C$2:$C$34,"*"&A13&"*",'Dataset Catalogue'!$B$2:$B$34,"Tier 1") -> 2 | C13: =COUNTIFS('Dataset Catalogue'!$C$2:$C$34,"*"&A13&"*",'Dataset Catalogue'!$B$2:$B$34,"Tier 2") -> 1 | D13: =SUMIFS('Dataset Catalogue'!$H$2:$H$34,'Dataset Catalogue'!$C$2:$C$34,"*"&A13&"*",'Dataset Catalogue'!$B$2:$B$34,"Tier 1") -> 33987 | E13: COLD - Chilli (Karnataka)
A14: Onion | B14: =COUNTIFS('Dataset Catalogue'!$C$2:$C$34,"*"&A14&"*",'Dataset Catalogue'!$B$2:$B$34,"Tier 1") -> 1 | C14: =COUNTIFS('Dataset Catalogue'!$C$2:$C$34,"*"&A14&"*",'Dataset Catalogue'!$B$2:$B$34,"Tier 2") -> 0 | D14: =SUMIFS('Dataset Catalogue'!$H$2:$H$34,'Dataset Catalogue'!$C$2:$C$34,"*"&A14&"*",'Dataset Catalogue'!$B$2:$B$34,"Tier 1") -> 4502 | E14: COLD - Onion (Karnataka)
A15: Tea | B15: =COUNTIFS('Dataset Catalogue'!$C$2:$C$34,"*"&A15&"*",'Dataset Catalogue'!$B$2:$B$34,"Tier 1") -> 1 | C15: =COUNTIFS('Dataset Catalogue'!$C$2:$C$34,"*"&A15&"*",'Dataset Catalogue'!$B$2:$B$34,"Tier 2") -> 0 | D15: =SUMIFS('Dataset Catalogue'!$H$2:$H$34,'Dataset Catalogue'!$C$2:$C$34,"*"&A15&"*",'Dataset Catalogue'!$B$2:$B$34,"Tier 1") -> 9000 | E15: CS-D (Assam)
A16: Soybean | B16: =COUNTIFS('Dataset Catalogue'!$C$2:$C$34,"*"&A16&"*",'Dataset Catalogue'!$B$2:$B$34,"Tier 1") -> 2 | C16: =COUNTIFS('Dataset Catalogue'!$C$2:$C$34,"*"&A16&"*",'Dataset Catalogue'!$B$2:$B$34,"Tier 2") -> 0 | D16: =SUMIFS('Dataset Catalogue'!$H$2:$H$34,'Dataset Catalogue'!$C$2:$C$34,"*"&A16&"*",'Dataset Catalogue'!$B$2:$B$34,"Tier 1") -> 14680 | E16: MH-SoyaHealthVision (Maharashtra)
A17: Apple | B17: =COUNTIFS('Dataset Catalogue'!$C$2:$C$34,"*"&A17&"*",'Dataset Catalogue'!$B$2:$B$34,"Tier 1") -> 1 | C17: =COUNTIFS('Dataset Catalogue'!$C$2:$C$34,"*"&A17&"*",'Dataset Catalogue'!$B$2:$B$34,"Tier 2") -> 0 | D17: =SUMIFS('Dataset Catalogue'!$H$2:$H$34,'Dataset Catalogue'!$C$2:$C$34,"*"&A17&"*",'Dataset Catalogue'!$B$2:$B$34,"Tier 1") -> 7569 | E17: Indigenous Apple (J&K)
A18: Grape | B18: =COUNTIFS('Dataset Catalogue'!$C$2:$C$34,"*"&A18&"*",'Dataset Catalogue'!$B$2:$B$34,"Tier 1") -> 1 | C18: =COUNTIFS('Dataset Catalogue'!$C$2:$C$34,"*"&A18&"*",'Dataset Catalogue'!$B$2:$B$34,"Tier 2") -> 0 | D18: =SUMIFS('Dataset Catalogue'!$H$2:$H$34,'Dataset Catalogue'!$C$2:$C$34,"*"&A18&"*",'Dataset Catalogue'!$B$2:$B$34,"Tier 1") -> 2726 | E18: NGLD (Nashik)
A19: Banana | B19: =COUNTIFS('Dataset Catalogue'!$C$2:$C$34,"*"&A19&"*",'Dataset Catalogue'!$B$2:$B$34,"Tier 1") -> 1 | C19: =COUNTIFS('Dataset Catalogue'!$C$2:$C$34,"*"&A19&"*",'Dataset Catalogue'!$B$2:$B$34,"Tier 2") -> 0 | D19: =SUMIFS('Dataset Catalogue'!$H$2:$H$34,'Dataset Catalogue'!$C$2:$C$34,"*"&A19&"*",'Dataset Catalogue'!$B$2:$B$34,"Tier 1") -> 23000 | E19: Multi-Crop Disease Dataset (Tamil Nadu)
A20: Radish | B20: =COUNTIFS('Dataset Catalogue'!$C$2:$C$34,"*"&A20&"*",'Dataset Catalogue'!$B$2:$B$34,"Tier 1") -> 1 | C20: =COUNTIFS('Dataset Catalogue'!$C$2:$C$34,"*"&A20&"*",'Dataset Catalogue'!$B$2:$B$34,"Tier 2") -> 0 | D20: =SUMIFS('Dataset Catalogue'!$H$2:$H$34,'Dataset Catalogue'!$C$2:$C$34,"*"&A20&"*",'Dataset Catalogue'!$B$2:$B$34,"Tier 1") -> 23000 | E20: Multi-Crop Disease Dataset (Tamil Nadu)
A21: Cauliflower | B21: =COUNTIFS('Dataset Catalogue'!$C$2:$C$34,"*"&A21&"*",'Dataset Catalogue'!$B$2:$B$34,"Tier 1") -> 1 | C21: =COUNTIFS('Dataset Catalogue'!$C$2:$C$34,"*"&A21&"*",'Dataset Catalogue'!$B$2:$B$34,"Tier 2") -> 0 | D21: =SUMIFS('Dataset Catalogue'!$H$2:$H$34,'Dataset Catalogue'!$C$2:$C$34,"*"&A21&"*",'Dataset Catalogue'!$B$2:$B$34,"Tier 1") -> 23000 | E21: Multi-Crop Disease Dataset (Tamil Nadu)
A22: Groundnut | B22: =COUNTIFS('Dataset Catalogue'!$C$2:$C$34,"*"&A22&"*",'Dataset Catalogue'!$B$2:$B$34,"Tier 1") -> 3 | C22: =COUNTIFS('Dataset Catalogue'!$C$2:$C$34,"*"&A22&"*",'Dataset Catalogue'!$B$2:$B$34,"Tier 2") -> 0 | D22: =SUMIFS('Dataset Catalogue'!$H$2:$H$34,'Dataset Catalogue'!$C$2:$C$34,"*"&A22&"*",'Dataset Catalogue'!$B$2:$B$34,"Tier 1") -> 24720 | E22: Novel groundnut leaf dataset (West Bengal)
A23: Black gram | B23: =COUNTIFS('Dataset Catalogue'!$C$2:$C$34,"*"&A23&"*",'Dataset Catalogue'!$B$2:$B$34,"Tier 1") -> 2 | C23: =COUNTIFS('Dataset Catalogue'!$C$2:$C$34,"*"&A23&"*",'Dataset Catalogue'!$B$2:$B$34,"Tier 2") -> 0 | D23: =SUMIFS('Dataset Catalogue'!$H$2:$H$34,'Dataset Catalogue'!$C$2:$C$34,"*"&A23&"*",'Dataset Catalogue'!$B$2:$B$34,"Tier 1") -> 1000 | E23: BPLD (Andhra Pradesh)
A24: Okra | B24: =COUNTIFS('Dataset Catalogue'!$C$2:$C$34,"*"&A24&"*",'Dataset Catalogue'!$B$2:$B$34,"Tier 1") -> 1 | C24: =COUNTIFS('Dataset Catalogue'!$C$2:$C$34,"*"&A24&"*",'Dataset Catalogue'!$B$2:$B$34,"Tier 2") -> 1 | D24: =SUMIFS('Dataset Catalogue'!$H$2:$H$34,'Dataset Catalogue'!$C$2:$C$34,"*"&A24&"*",'Dataset Catalogue'!$B$2:$B$34,"Tier 1") -> 1500 | E24: Okra DiseaseNet (Tamil Nadu)
... A28: Turmeric | B28: =COUNTIFS('Dataset Catalogue'!$C$2:$C$34,"*"&A28&"*",'Dataset Catalogue'!$B$2:$B$34,"Tier 1") -> 0 | C28: =COUNTIFS('Dataset Catalogue'!$C$2:$C$34,"*"&A28&"*",'Dataset Catalogue'!$B$2:$B$34,"Tier 2") -> 1 | D28: =SUMIFS('Dataset Catalogue'!$H$2:$H$34,'Dataset Catalogue'!$C$2:$C$34,"*"&A28&"*",'Dataset Catalogue'!$B$2:$B$34,"Tier 1") -> 0 | E28: Turmeric leaf dataset (Bangladesh)
A29: Tier 1 image totals for Banana, Radish, Cauliflower, Chilli and Groundnut include the whole 23,000-image Tamil Nadu set (shared across 5 crops), so they overstate per-crop size. 'Not published' = source gives no image count.
A30: Gaps (no usable public dataset): Mustard (request HDMLS from authors), Chickpea, Pearl millet, Finger millet, Sorghum (leaf).

Sheet Dataset Catalogue
A1: ID | B1: Priority Tier | C1: Crop | D1: Category | E1: Dataset Name | F1: Collection Location | G1: Country | H1: Total Images | I1: No. of Classes | J1: Classes (with counts where published) | K1: Healthy Class | L1: Capture Setting | M1: Licence | N1: Download Link | O1: Paper / Documentation | P1: Verification | Q1: Fit Notes and Risks
A2: DS-01 | B2: Tier 1 | C2: Chilli | D2: New crop | E2: COLD - Chilli leaf dataset | F2: Chilwadigi village, Koppal district, Karnataka | G2: India | H2: 10987 | I2: 5 | J2: Healthy 2,198; Cercospora 2,219; Mites/thrips 2,507; Nutritional deficiency 2,032; Powdery mildew 2,031 | K2: Yes | L2: Field; rainy and sunny weather; Canon camera; stored at 224x224 | M2: CC BY-NC | N2: https://data.mendeley.com/datasets/tf9dtfz9m6/3 | O2: https://pmc.ncbi.nlm.nih.gov/articles/PMC11170091/ | P2: Verified | Q2: Best new-crop candidate: large, balanced, Indian field photos, single source. Images already 224x224 (matches EfficientNetB0 input).
A3: DS-02 | B3: Tier 1 | C3: Onion | D3: New crop | E3: COLD - Onion leaf dataset | F3: Chilwadigi village, Koppal district, Karnataka | G3: India | H3: 4502 | I3: 4 | J3: Healthy 1,278; Iris yellow virus 1,272; Purple blotch 735; Leaf blight 1,217 | K3: Yes | L3: Field; rainy and sunny weather; Canon camera; stored at 224x224 | M3: CC BY-NC | N3: https://data.mendeley.com/datasets/7nxxn4gj5s/3 | O3: https://pmc.ncbi.nlm.nih.gov/articles/PMC11170091/ | P3: Verified | Q3: Same authors and capture setup as COLD chilli, so photography style is consistent across classes. Purple blotch is the smallest class; use class weights.
A4: DS-03 | B4: Tier 1 | C4: Tea | D4: New crop | E4: CS-D - Tea leaf disease dataset (Assam) | F4: 7 tea estates across Assam districts (e.g. Pathini TE, Karimganj) | G4: India | H4: 9000 | I4: 6 | J4: Healthy 1,500; Tea mosquito bug 1,500; Red spider mite 1,500; Leaf red rust 1,500; Blister blight 1,500; Brown blight 1,500 (raw). 81,000 after augmentation | K4: Yes | L4: Field; working tea gardens, Dec 2024 to Jun 2025 | M4: CC BY-NC 4.0 | N4: https://data.mendeley.com/datasets/94fzcdz8gz/1 | O4: https://www.sciencedirect.com/science/article/pii/S2352340925009722 | P4: Verified | Q4: Perfectly balanced. Two classes are pest damage, not pathogens; keep or drop depending on product scope. Use only the 9,000 raw images, not the pre-augmented set.
A5: DS-04 | B5: Tier 1 | C5: Soybean | D5: New crop | E5: MH-SoyaHealthVision (leaf + UAV) | F5: Soybean fields, Maharashtra | G5: India | H5: 5680 | I5: 6 | J5: Leaf part: Healthy, Rust, Mosaic virus, Septoria brown spot, Frog-eye leaf spot, Pest damage (per-class counts not listed). 5,680 total includes UAV images | K5: Yes | L5: Field; handheld leaf photos plus drone imagery | M5: Not stated | N5: https://data.mendeley.com/datasets/hkbgh5s3b7/1 | O5: https://www.sciencedirect.com/science/article/pii/S2352340925002495 | P5: Partial | Q5: Use only the leaf-image folders for the classifier. Image total covers leaf + UAV, so the leaf-only count will be lower. Check licence on download.
A6: DS-05 | B6: Tier 1 | C6: Soybean | D6: New crop | E6: SoyNet - Indian soybean leaf dataset | F6: Soybean field, Jabalpur, Madhya Pradesh | G6: India | H6: 9000 | I6: 2 | J6: Healthy vs Diseased (binary); raw and preprocessed versions | K6: Yes | L6: Field; natural light; Nikon L810 and Motorola g40 | M6: Not stated | N6: https://data.mendeley.com/datasets/w2r855hpx8/2 | O6: https://pmc.ncbi.nlm.nih.gov/articles/PMC10415694/ | P6: Partial | Q6: Binary labels only, so it cannot train disease-level classes. Useful as extra Healthy samples or for a healthy-vs-diseased gate. Mixing with MH-SoyaHealthVision creates a source-bias risk; Grad-CAM check required.
A7: DS-06 | B7: Tier 1 | C7: Apple | D7: New crop | E7: Indigenous Dataset for Apple Leaf Disease Detection | F7: Apple orchards, Jammu and Kashmir | G7: India | H7: 7569 | I7: 3 | J7: Healthy; Alternaria; Apple mosaic (per-class counts not listed) | K7: Yes | L7: Field; handheld devices / cameras | M7: Not stated | N7: https://data.mendeley.com/datasets/9m2dcb5mmr/3 | O7: Not available | P7: Partial | Q7: Large and Indian, but only 2 diseases. Scab (common in Kashmir) is missing.
A8: DS-07 | B8: Tier 1 | C8: Grape | D8: New crop | E8: Niphad Grape Leaf Disease Dataset (NGLD) | F8: Niphad, Nashik district, Maharashtra (table grape) | G8: India | H8: 2726 | I8: 4 | J8: Downy mildew; Bacterial rot; Powdery mildew; Healthy (per-class counts not listed) | K8: Yes | L8: Field; mobile phone photos | M8: Not stated | N8: https://data.mendeley.com/datasets/8nnd2ypcv3/1 | O8: Not available | P8: Partial | Q8: Nashik is India's main grape belt, so the diseases match Indian conditions. PlantVillage grape classes are lab images; do not mix.
A9: DS-08 | B9: Tier 1 | C9: Banana; Radish; Cauliflower; Chilli; Groundnut | D9: New crop | E9: Multi-Crop Disease Dataset (Tamil Nadu) | F9: Chengalpattu, Kanchipuram and Krishnagiri districts, Tamil Nadu | G9: India | H9: 23000 | I9: 30 | J9: 30+ classes across 5 crops incl. Sigatoka, Leaf curl, Anthracnose, Rust, Downy mildew, Black rot; Healthy class for every crop (per-class counts not listed) | K9: Yes | L9: Field; digital cameras and 200MP phones; 640x640 | M9: Not stated | N9: https://data.mendeley.com/datasets/6243z8r6t6/1 | O9: Not available | P9: Partial | Q9: One source adds 3 new crops (banana, radish, cauliflower). Its chilli and groundnut parts are a second source for those crops; don't merge with COLD / West Bengal groundnut without a Grad-CAM check.
A10: DS-09 | B10: Tier 1 | C10: Groundnut | D10: New crop | E10: Novel groundnut leaf dataset | F10: Ramchandrapur, Purba Medinipur, West Bengal | G10: India | H10: 1720 | I10: 5 | J10: Healthy 600; Early and late leaf spot 450; Alternaria leaf spot 450; Rust 120; Rosette 100 | K10: Yes | L10: Field; smartphone; 4624x3472; Jan to Apr 2022 and 2023 | M10: CC BY-NC-ND | N10: https://data.mendeley.com/datasets/x6x5jkk873/2 | O10: https://pmc.ncbi.nlm.nih.gov/articles/PMC11327543/ | P10: Verified | Q10: Rust (120) and Rosette (100) are small; class weights needed. ND licence: do not redistribute modified copies of the images.
A11: DS-10 | B11: Tier 1 | C11: Groundnut | D11: New crop | E11: Dataset of groundnut plant leaf images for classification and detection | F11: Not confirmed (page blocked) | G11: India (per paper) | J11: Not confirmed (Mendeley page returned 403) | K11: Unknown | L11: Unknown | M11: Unknown | N11: https://data.mendeley.com/datasets/22p2vcbxfk/3 | O11: https://pmc.ncbi.nlm.nih.gov/articles/PMC10293989/ | P11: Not verified | Q11: Second groundnut source (Data in Brief 2023). Open the Mendeley page manually to confirm classes before use.
A12: DS-11 | B12: Tier 1 | C12: Black gram (urad) | D12: New crop | E12: Blackgram Plant Leaf Disease (BPLD) | F12: Nagayalanka, Krishna district, Andhra Pradesh | G12: India | H12: 1000 | I12: 5 | J12: Healthy; Anthracnose; Leaf crinkle; Powdery mildew; Yellow mosaic (about 1,000 images in total across the 5 classes) | K12: Yes | L12: Field | M12: Not stated | N12: https://data.mendeley.com/datasets/zfcv9fmrgv/3 | O12: https://pmc.ncbi.nlm.nih.gov/articles/PMC9679724/ | P12: Verified | Q12: Small (about 200 per class), similar size to the current pigeonpea set, so expect lower accuracy. Combine with IDBGL only after a source-bias check.
A13: DS-12 | B13: Tier 1 | C13: Black gram (urad) | D13: New crop | E13: IDBGL - Image dataset of black gram leaves | F13: Not confirmed (page blocked) | G13: India (per paper) | J13: Not confirmed (Mendeley page returned 403) | K13: Unknown | L13: Unknown | M13: Unknown | N13: https://data.mendeley.com/datasets/z55yrbmn2d/3 | O13: https://pmc.ncbi.nlm.nih.gov/articles/PMC11847223/ | P13: Not verified | Q13: Possible second black gram source to grow the small BPLD set. Verify classes manually.
A14: DS-13 | B14: Tier 1 | C14: Okra (bhindi) | D14: New crop | E14: Okra DiseaseNet | F14: SRM Urban Farm, Chengalpattu and farmland in Thanjavur, Tamil Nadu | G14: India | H14: 1500 | I14: 6 | J14: Healthy; Alternaria leaf spot; Cercospora leaf spot; Downy mildew; Leaf curl virus; Phyllosticta leaf spot (per-class counts not listed) | K14: Yes | L14: Field; natural light; Mar to May 2023 | M14: Not stated | N14: https://data.mendeley.com/datasets/nh7zk4hv8z/1 | O14: https://pubmed.ncbi.nlm.nih.gov/40687361/ | P14: Partial | Q14: Also has segmentation masks per the paper title, which could help the severity module. Yellow vein mosaic (the main Indian okra virus) is not a named class.
A15: DS-14 | B15: Tier 1 | C15: Tomato | D15: New crop | E15: Tomato-Village | F15: Jodhpur and Jaipur districts, Rajasthan | G15: India | J15: Real-field classes incl. Leaf miner, Spotted wilt virus, nutrient deficiencies (full list not confirmed); multiclass, multilabel and detection variants | K15: Unconfirmed | L15: Field (real-world, not lab) | M15: Not stated | N15: https://github.com/mamta-joshi-gehlot/Tomato-Village | O15: https://link.springer.com/article/10.1007/s00530-023-01158-y | P15: Partial | Q15: Preferred over PlantVillage tomato (lab backgrounds). Also on Kaggle: kaggle.com/datasets/mamtag/tomato-village. Confirm Healthy class after download.
A16: DS-15 | B16: Tier 1 | C16: Cotton | D16: New crop | E16: Cotton Leaf Disease Dataset with Severity Levels | F16: Padmashree Dr D Y Patil Institute of Engg. and Tech., Pune (field site not stated) | G16: India | I16: 4 | J16: Cotton_Healthy; Bacterial_Blight; Fusarium_Wilt; Curl_Virus; each graded mild / moderate / severe / critical | K16: Yes | L16: Not stated | M16: Not stated | N16: https://data.mendeley.com/datasets/74jsdxtmx2/1 | O16: Not available | P16: Partial | Q16: Severity grades make it useful to validate the severity module (like YR-19 for wheat). Image count not shown on the page.
A17: DS-16 | B17: Tier 2 | C17: Cotton | D17: New crop | E17: Cotton Leaf Image Dataset for Disease Classification | F17: Sher-e-Bangla Agricultural University, Dhaka | G17: Bangladesh | H17: 1373 | I17: 5 | J17: Healthy 333; Bacterial blight 218; Alternaria leaf spot 173; Fusarium wilt 337; Verticillium wilt 312 (4,963 after augmentation) | K17: Yes | L17: Field-grown plants but each leaf shot on a WHITE background; 48-50MP phones | M17: CC BY-NC | N17: https://data.mendeley.com/datasets/t9hgvk2h9p/1 | O17: https://pmc.ncbi.nlm.nih.gov/articles/PMC12557508/ | P17: Verified | Q17: HIGH SHORTCUT RISK: white background, same failure pattern as YR-19. Use only as an external test set, never mixed into training.
A18: DS-17 | B18: Tier 2 | C18: Cotton | D18: New crop | E18: SAR-CLD-2024 cotton leaf disease dataset | F18: Not confirmed | G18: Bangladesh | J18: Not confirmed | K18: Unknown | L18: Unknown | M18: Unknown | N18: https://data.mendeley.com/datasets/b3jy2p6k8w/2 | O18: https://www.sciencedirect.com/science/article/pii/S235234092400876X | P18: Not verified | Q18: Commonly cited cotton benchmark. Check capture background before use.
A19: DS-18 | B19: Tier 2 | C19: Chilli | D19: New crop | E19: Chilli Leaf Disease Image Dataset | F19: Ashulia, Narsingdi, Cumilla, Feni, Noakhali, Laksham | G19: Bangladesh | H19: 8814 | I19: 6 | J19: Bacterial spot 1,629; Cercospora leaf spot 1,898; Curl virus 1,590; Healthy 1,647; Nutrient deficiency 1,207; Powdery mildew 843 | K19: Yes | L19: Field; variable light and angles; 1000x1000 | M19: Not stated | N19: https://data.mendeley.com/datasets/tm3v4zmh7c/1 | O19: Not available | P19: Verified | Q19: Adds Bacterial spot and Leaf curl, which the Indian COLD chilli set lacks. Use as a separate test set or merge only after a Grad-CAM check.
A20: DS-19 | B20: Tier 2 | C20: Mango | D20: New crop | E20: Mango Leaf Disease Dataset | F20: Kashinathpur (Pabna) and Changao (Savar, Dhaka) | G20: Bangladesh | H20: 2336 | I20: 8 | J20: Anthracnose 326; Bacterial canker 343; Cutting weevil 307; Die back 320; Gall midge 319; Powdery mildew 206; Sooty mould 265; Healthy 250 | K20: Yes | L20: Field; mobile phone; Oct to Nov 2024 | M20: Not stated | N20: https://data.mendeley.com/datasets/7ghdbftp54/1 | O20: Not available | P20: Verified | Q20: No Indian mango leaf dataset found. Diseases match Indian mango (anthracnose, powdery mildew, die back).
A21: DS-20 | B21: Tier 2 | C21: Mango | D21: New crop | E21: MangoLeafBD | F21: Bangladesh | G21: Bangladesh | I21: 8 | J21: Diseased and healthy mango leaf classes (counts not re-verified in this search) | K21: Yes | L21: Not re-verified | M21: Not re-verified | N21: https://data.mendeley.com/datasets/hxsnvwty3r/1 | O21: https://pmc.ncbi.nlm.nih.gov/articles/PMC9932726/ | P21: Partial | Q21: Widely used mango benchmark; good second source for testing.
A22: DS-21 | B22: Tier 2 | C22: Turmeric | D22: New crop | E22: Image Dataset for Turmeric Plant Leaf Disease Detection | F22: East West University (collection site not stated) | G22: Bangladesh | H22: 4361 | I22: 4 | J22: Aphids 847; Blotch 909; Leaf spot 919; Healthy 821 (augmented counts as listed on page; Healthy has 213 originals) | K22: Yes | L22: Not stated | M22: Not stated | N22: https://data.mendeley.com/datasets/jtttfbx342/1 | O22: Not available | P22: Partial | Q22: Mostly augmented images; original count is small. Low priority.
A23: DS-22 | B23: Tier 2 | C23: Brinjal; Okra; Mung bean; Sesame; Bitter gourd; Snake gourd; Yard long bean | D23: New crop | E23: Leaf Image Dataset for Plant Disease Classification and Agricultural Analysis | F23: Sher-e-Bangla Agricultural University | G23: Bangladesh | H23: 1545 | J23: Bitter gourd 303; Brinjal 298; Ladies finger 252; Mung bean 135; Sesame 222; Snake gourd 153; Yard long bean 182 (Healthy 31 to 56 per crop) | K23: Yes | L23: Field; daylight; smartphone | M23: Not stated | N23: https://data.mendeley.com/datasets/hgshn2zg3t/1 | O23: Not available | P23: Verified | Q23: Too few images per crop to train a head alone. Only useful as extra test images.
A24: DS-23 | B24: Expand existing | C24: Rice | D24: Expand existing crop | E24: Paddy Doctor | F24: Village near Tirunelveli district, Tamil Nadu | G24: India | H24: 16225 | I24: 13 | J24: Normal (healthy) plus Bacterial leaf blight, Bacterial leaf streak, Bacterial panicle blight, Blast, Brown spot, Downy mildew, Hispa, Tungro, Leaf roller, stem borers and more | K24: Yes | L24: Field; CAT S62 Pro phone (RGB + infrared); 480x640 | M24: CC BY-SA 4.0 | N24: https://paddydoc.github.io/dataset/ | O24: https://arxiv.org/abs/2205.11108 | P24: Verified | Q24: Adds classes the current 5-class rice head lacks (e.g. Bacterial leaf streak, Downy mildew, Hispa). Same Indian field style as the current rice data.
A25: DS-24 | B25: Expand existing | C25: Sugarcane | D25: Expand existing crop | E25: Sugarcane Leaf Disease Dataset (SPPU) | F25: Maharashtra (Savitribai Phule Pune University) | G25: India | H25: 2569 | I25: 5 | J25: Healthy; Mosaic; Red rot; Rust; Yellow (per-class counts not listed) | K25: Yes | L25: Field; several smartphones | M25: Not stated | N25: https://data.mendeley.com/datasets/9424skmnrk/1 | O25: Not available | P25: Partial | Q25: Can add Mosaic and Red rot as explicit classes to the current 11-class sugarcane head, or serve as an external test set.
A26: DS-25 | B26: Not usable / gap | C26: Mustard | D26: Gap | E26: HDMLS - Healthy-Disease Mustard Leaf Set | F26: Not stated | G26: India (per authors) | H26: 2889 | I26: 5 | J26: 1 Healthy + 4 disease classes covering Alternaria blight and White rust (5,663 after augmentation) | K26: Yes | L26: Field (350 person-hours of photography) | M26: Not stated | N26: Not available | O26: https://jisem-journal.com/index.php/journal/article/view/2872 | P26: Partial | Q26: Good fit but NOT publicly downloadable. Request the images from the authors (Juneja and Dhaliwal).
A27: DS-26 | B27: Not usable / gap | C27: Chickpea | D27: Gap | E27: Fusarium Wilt Disease in Chickpea (FUSARIUM-22) | F27: Not stated | G27: Not India | J27: Fusarium wilt resistance grades only | K27: No | L27: Not stated | M27: Not stated | N27: https://www.kaggle.com/datasets/tolgahayit/fusarium-wilt-disease-in-chickpea-dataset | O27: Not available | P27: Partial | Q27: Already rejected in the project (no Healthy class). No public chickpea dataset with a Healthy class was found.
A28: DS-27 | B28: Not usable / gap | C28: Sorghum | D28: Gap | E28: Sorghum Disease Image Dataset | F28: Not stated | G28: Not stated | H28: 7167 | I28: 6 | J28: Anthracnose and red rot; Cereal grain molds; Covered kernel smut; Head smut; Loose smut; Rust | K28: No | L28: Not stated | M28: Not stated | N28: https://data.mendeley.com/datasets/fgb3cmfrg2/1 | O28: Not available | P28: Partial | Q28: Mostly grain and panicle diseases, not leaves, and no Healthy class.
A29: DS-28 | B29: Not usable / gap | C29: Arecanut | D29: Gap | E29: Arecanut Disease Detection Dataset (6 classes) | F29: Chikkamagaluru district, Karnataka | G29: India | H29: 300 | I29: 6 | J29: Healthy leaf; Healthy nut; Fruit rot; Bud rot; Yellow leaf; Ring spot | K29: Yes | L29: Field | M29: IEEE DataPort subscription | N29: https://github.com/BeenaPradeep/ARECANUT-DATASET | O29: https://ieee-dataport.org/documents/arecanut-disease-detection-dataset-6-classes-field-images-karnataka-india | P29: Verified | Q29: Only about 300 images, mixing leaf and nut. Too small for a classification head.
A30: DS-29 | B30: Not usable / gap | C30: Multi (13 species) | D30: Gap | E30: PlantDoc | F30: Internet-scraped images | G30: Mixed | H30: 2598 | I30: 17 | J30: 13 plant species, up to 17 disease classes | K30: Yes | L30: Internet images (mixed backgrounds) | M30: CC BY 4.0 | N30: https://github.com/pratikkayal/PlantDoc-Dataset | O30: https://arxiv.org/pdf/1911.10317 | P30: Verified | Q30: Not for training (web images, no field provenance). Good as a hard robustness test set for tomato, potato, maize and others.
A31: DS-30 | B31: Not usable / gap | C31: Banana | D31: Gap | E31: Banana Leaf Disease Images | F31: Arba Minch area farms, southern Ethiopia | G31: Ethiopia | H31: 1288 | I31: 3 | J31: Healthy; Xanthomonas wilt; Sigatoka | K31: Yes | L31: Field; smartphone | M31: Not stated | N31: https://data.mendeley.com/datasets/rjykr62kdh/1 | O31: Not available | P31: Verified | Q31: Not Indian and small. The Tamil Nadu Multi-Crop dataset is the better banana source.
A32: DS-31 | B32: Not usable / gap | C32: Coconut | D32: Gap | E32: Coconut Tree Disease Dataset | F32: Not confirmed | G32: Not confirmed | H32: 5798 | J32: Not confirmed | K32: Unknown | L32: Unknown | M32: Unknown | N32: https://www.kaggle.com/datasets/nagabushan/coconut-tree-disease-dataset | O32: https://www.sciencedirect.com/science/article/pii/S2352340923007692 | P32: Not verified | Q32: Mendeley mirror (gh56wbsnj5) returned 403. Mostly whole-tree / trunk diseases per the paper title; confirm leaf content before use.
A33: DS-32 | B33: Not usable / gap | C33: Pearl millet | D33: Gap | E33: No public dataset found | J33: Papers exist (e.g. Deep-millet) but no downloadable images | N33: Not available | O33: https://iopscience.iop.org/article/10.1088/2515-7620/ad8415 | P33: Verified | Q33: Gap. Possible route: request data from the authors or from ICAR-IIMR / ICRISAT.
A34: DS-33 | B34: Not usable / gap | C34: Multi | D34: Gap | E34: Top Agriculture Crop Disease India (Kaggle) | F34: Not stated | G34: Not stated | J34: Not stated | K34: Unknown | L34: Unknown | M34: Not stated | N34: https://www.kaggle.com/datasets/kamal01/top-agriculture-crop-disease | O34: Not available | P34: Not verified | Q34: No provenance or original source listed. Skip; likely a re-upload of other datasets.
A36: Note: Total Images is left blank where the source does not publish a count. '9,000+' and '23,000+' are entered as 9,000 and 23,000. Counts are as published by the dataset authors.

Sheet Context Data Sources
A1: ID | B1: Category | C1: Source | D1: Provider | E1: What It Gives | F1: Spatial Resolution | G1: Time Coverage | H1: Access Method | I1: Key / Signup | J1: Licence | K1: Commercial Use OK? | L1: Use in This Project | M1: Claude Code Can Automate? | N1: Your Manual Step | O1: Main Link | P1: Docs / Second Link | Q1: Verification | R1: Phase | S1: Phase Note
A2: CX-01 | B2: Weather (live) | C2: Open-Meteo Forecast API (Free / Open-Access tier) | D2: Open-Meteo | E2: Hourly temperature, relative humidity, dew point, precipitation, soil moisture, leaf wetness; forecast plus past days | F2: Point (lat/lon) | G2: Forecast + recent past days | H2: REST API (api.open-meteo.com) | I2: No key, no signup | J2: CC BY 4.0 (attribution required) | K2: No: free tier is non-commercial only (no ads, no subscriptions, no commercial product). Paid plans for commercial use | L2: Weather risk rules (Prompt 10); context snapshot per prediction | M2: Fully | N2: Add attribution line 'Weather data by Open-Meteo.com'. Stay under 10,000 calls/day, 5,000/hour, 600/min; cache per location per hour | O2: https://open-meteo.com/en/terms | P2: https://open-meteo.com/en/pricing | Q2: Verified | R2: Phase 1 | S2: Used now
A3: CX-02 | B3: Weather (history) | C3: ERA5-Land Daily Aggregated | D3: ECMWF / Copernicus (via Earth Engine) | E3: 50 daily bands: 2 m temperature, dew point, total precipitation, soil moisture in 4 layers, radiation, wind | F3: ~11 km (0.1 deg) | G3: 1950-01-02 to ~3 months before today; monthly updates | H3: Earth Engine: ECMWF/ERA5_LAND/DAILY_AGGR | I3: Earth Engine account | J3: Copernicus licence; attribution 'Generated using Copernicus Climate Change Service Information [Year]' | K3: Data: yes with attribution. Via Earth Engine: only on a commercial Earth Engine licence | L3: Past-season weather for rule validation; district-month context for existing datasets | M3: After your one-time setup | N3: Earth Engine setup (see Setup Steps). Note: precipitation bands can have small negative values; clip to 0 | O3: https://developers.google.com/earth-engine/datasets/catalog/ECMWF_ERA5_LAND_DAILY_AGGR | P3: Not available | Q3: Verified | R3: Phase 1 | S3: Used now
A4: CX-03 | B4: Weather (history) | C4: CHIRPS Daily rainfall | D4: Climate Hazards Center, UCSB (via Earth Engine) | E4: Daily precipitation (mm/day) | F4: ~5.5 km (0.05 deg) | G4: 1981-01-01 to 2026-08-31 (updated regularly) | H4: Earth Engine: UCSB-CHG/CHIRPS/DAILY | I4: Earth Engine account | J4: Public domain | K4: Yes (public domain; Earth Engine commercial licence needed only if pulled via Earth Engine commercially) | L4: Rainfall history and anomalies for disease rules | M4: After your one-time setup | N4: Earth Engine setup | O4: https://developers.google.com/earth-engine/datasets/catalog/UCSB-CHG_CHIRPS_DAILY | P4: Not available | Q4: Verified | R4: Phase 1 | S4: Used now
A5: CX-04 | B5: Weather (history) | C5: NASA POWER | D5: NASA Langley Research Center | E5: 300+ solar and meteorological parameters; dedicated agroclimatology community | F5: Coarse grid (exact value not confirmed on page) | G5: Long historical record (exact start not confirmed on page) | H5: REST API | I5: Not stated (described as free) | J5: Free (terms not re-read) | K5: Check terms before commercial use | L5: Backup source for historical weather if Earth Engine quota runs out | M5: Fully | N5: Confirm resolution, start year and terms in the API docs before relying on it | O5: https://power.larc.nasa.gov/ | P5: https://power.larc.nasa.gov/docs/services/api/ | Q5: Partial | R5: Fallback | S5: Only if Earth Engine or Open-Meteo fails / quota runs out
A6: CX-05 | B6: Weather (history) | C6: IMD gridded rainfall, Tmin, Tmax (via IMDLIB) | D6: India Meteorological Department, Pune | E6: Daily observed rainfall, minimum and maximum temperature for India | F6: Rainfall 0.25 deg; temperature 0.5 deg | G6: Multi-decade daily archive + real-time | H6: Python library imdlib (pip install imdlib) | I6: No key | J6: IMD data policy (not re-read) | K6: Check IMD data policy | L6: Official Indian observations to cross-check ERA5 / CHIRPS | M6: Fully | N6: Read IMD's data policy once; imdlib downloads from imdpune.gov.in | O6: https://imdlib.readthedocs.io/en/latest/Usage.html | P6: https://github.com/iamsaswata/imdlib | Q6: Partial | R6: Phase 2 | S6: Later: validation, better geometry, or needs manual input
A7: CX-06 | B7: Soil | C7: SoilGrids 250m v2.0 | D7: ISRIC World Soil Information | E7: 11 properties: pH (H2O), total nitrogen, soil organic carbon, organic carbon density/stock, clay, sand, silt, CEC, bulk density, coarse fragments; 6 depths 0-200 cm | F7: 250 m | G7: Static (modelled map) | H7: Earth Engine community assets: projects/soilgrids-isric/<layer>_mean | I7: Earth Engine account | J7: CC BY 4.0 | K7: Yes, with attribution | L7: Soil context per location (e.g. low N / low OC for brown spot, pH); advice tuning | M7: After your one-time setup | N7: Earth Engine setup. The SoilGrids REST API is paused, so use Earth Engine (or ISRIC WebDAV/WCS) | O7: https://docs.isric.org/globaldata/soilgrids/access_on_gee.html | P7: https://www.isric.org/explore/soilgrids | Q7: Verified | R7: Phase 1 | S7: Used now
A8: CX-07 | B8: Soil | C8: Soil Health Card nutrient dashboard | D8: Dept. of Agriculture and Farmers Welfare, Govt of India | E8: Lab-tested N, P, K, OC, pH and micronutrients | F8: Village / block / district | G8: Scheme cycles | H8: Website dashboard (no public API found) | I8: None to view | J8: Government data (terms not read) | K8: Check terms | L8: Ground-truth check of SoilGrids values for your demo districts | M8: Manual | N8: Page returned 403 during research. Open in browser; note values for 3 demo villages by hand; do not scrape | O8: https://www.soilhealth.dac.gov.in/nutrient-dashboard | P8: Not available | Q8: Not verified | R8: Phase 2 | S8: Later: validation, better geometry, or needs manual input
A9: CX-08 | B9: Satellite / field | C9: Sentinel-2 L2A (COPERNICUS/S2_SR_HARMONIZED) | D9: ESA Copernicus (via Earth Engine) | E9: Surface reflectance incl. red-edge bands -> NDVI, NDRE, REDSI; SCL band for cloud masking | F9: 10 m (20 m red-edge) | G9: ~5-day revisit | H9: Earth Engine | I9: Earth Engine account | J9: Copernicus data: free | K9: Data yes; Earth Engine free tier non-commercial only | L9: Field health check (Prompt 9): NDVI/NDRE history, field vs neighbours | M9: After your one-time setup | N9: Earth Engine setup; watch the 150 EECU-hours/month quota | O9: https://developers.google.com/earth-engine/guides/noncommercial_tiers | P9: Not available | Q9: Verified | R9: Phase 1 | S9: Used now
A10: CX-09 | B10: Land cover | C10: ESA WorldCover v200 | D10: ESA (via Earth Engine) | E10: Land cover map, 11 classes; cropland = class 40 | F10: 10 m | G10: 2021 | H10: Earth Engine: ESA/WorldCover/v200 | I10: Earth Engine account | J10: CC BY 4.0 | K10: Yes, with attribution | L10: Cropland mask for the neighbourhood baseline | M10: After your one-time setup | N10: Earth Engine setup | O10: https://developers.google.com/earth-engine/datasets/catalog/ESA_WorldCover_v200 | P10: Not available | Q10: Verified | R10: Phase 1 | S10: Used now
A11: CX-10 | B11: Field boundary + crop calendar | C11: Google Agricultural Understanding: ALU + AMED | D11: Google | E11: ALU: field, tree and water-body polygons; AMED: crop type and sowing/harvest seasons for 12 crops (bajra, chilli, corn, cotton, gram, groundnut, mustard, rice, sorghum, soybean, sugarcane, wheat) | F11: ALU inferred at 1 m; AMED 10-30 m | G11: ALU up to 15 years; AMED up to 6 years | H11: REST API; Google Earth | I11: API access (process not verified) | J11: CC BY 4.0 | K11: Yes, with attribution (confirm API terms) | L11: Exact field polygon for the field health check; crop stage context | M11: After your one-time setup | N11: Check how to get API access; fall back to a 30 m buffer if not available | O11: https://developers.google.com/agricultural-understanding/understanding-data | P11: Not available | Q11: Partial | R11: Phase 2 | S11: Later: validation, better geometry, or needs manual input
A12: CX-11 | B12: Platform | C12: Google Earth Engine (noncommercial Community tier) | D12: Google | E12: Server-side access to ERA5-Land, CHIRPS, SoilGrids, Sentinel-2, WorldCover | F12: n/a | G12: 150 EECU-hours per month, resets monthly (since 27 Apr 2026) | H12: Python API (earthengine-api, geemap) | I12: Google account + registered noncommercial project | J12: Free for noncommercial | K12: No (commercial licence needed) | L12: Single gateway for 5 of the sources above | M12: After your one-time setup | N12: Register project, create service account, keep key out of git (see Setup Steps) | O12: https://developers.google.com/earth-engine/guides/noncommercial_tiers | P12: Not available | Q12: Verified | R12: Phase 1 | S12: Used now
... A14: CX-13 | B14: Disease rules | C14: INDO-BLIGHTCAST (potato late blight model) | D14: ICAR-Central Potato Research Institute | E14: India-specific late blight forecasting model across agro-ecologies (Int. J. Pest Management 62(4), 2016) | F14: n/a | G14: Published 2016 | H14: Journal article (paywalled) | I14: Paper access | J14: Journal copyright | K14: Method can be re-implemented with citation | L14: Late blight risk rule (Prompt 10) | M14: Manual | N14: None now: the model is already implemented from the published abstract (task.md Task 13) | O14: https://www.tandfonline.com/doi/abs/10.1080/09670874.2016.1210839 | P14: https://www.researchgate.net/publication/306045270_INDO-BLIGHTCAST_-_a_model_for_forecasting_late_blight_across_agroecologies | Q14: Verified | R14: In use | S14: Already implemented in Task 13 (server/utils/diseaseRisk.js, docs/DISEASE_RISK.md); reuse, do not re-implement
A16: Rule: these sources are NOT joined to existing training images (those have no GPS/date). They are fetched at prediction time from the photo's location and date.
A17: Automation key: Fully = Claude Code can build and run it from a prompt alone. After your one-time setup = you create an account/key first (Setup Steps sheet). Partly = Claude Code drafts, an expert must verify. Manual = no API; human action needed.
A18: Licence: Open-Meteo free tier and the Earth Engine Community tier are for noncommercial use only (portfolio, research, education). A paid product needs paid/commercial plans.
A20: Automation summary
B21: Fully | C21: =COUNTIF($M$2:$M$14,B21) -> 3
B22: After your one-time setup | C22: =COUNTIF($M$2:$M$14,B22) -> 7
B23: Partly (expert review needed) | C23: =COUNTIF($M$2:$M$14,B23) -> 1
B24: Manual | C24: =COUNTIF($M$2:$M$14,B24) -> 2

Sheet Setup Steps
A1: Step | B1: Who | C1: What to Do | D1: Link | E1: Time | F1: Unlocks
A2: 1 | B2: You | C2: Create a Google Cloud project and register it for noncommercial Earth Engine use (Community tier) | D2: https://developers.google.com/earth-engine/guides/noncommercial_tiers | E2: 20-30 min | F2: ERA5-Land, CHIRPS, SoilGrids, Sentinel-2, WorldCover
A3: 2 | B3: You | C3: Enable the Earth Engine API, create a service account, download its JSON key; store it OUTSIDE the repo and set its path in an env variable | D3: https://developers.google.com/earth-engine/guides/noncommercial_tiers | E3: 15 min | F3: All Earth Engine sources
A4: 3 | B4: Claude Code | C4: Write a connection test script that authenticates with the service account and prints one Sentinel-2 NDVI value for a test point | D4: Not available | E4: 5 min | F4: Confirms setup works
A5: 4 | B5: You | C5: Check monthly Earth Engine quota usage (150 EECU-hours) once a week while developing | D5: https://developers.google.com/earth-engine/guides/noncommercial_tiers | E5: 2 min/week | F5: All Earth Engine sources
A6: 5 | B6: Nobody | C6: Open-Meteo needs no key. Claude Code adds the attribution line and caching | D6: https://open-meteo.com/en/terms | E6: 0 | F6: Open-Meteo
A7: 6 | B7: You | C7: Read the IMD data policy once and confirm research/portfolio use is allowed | D7: https://imdlib.readthedocs.io/en/latest/Usage.html | E7: 10 min | F7: IMD via imdlib
A8: 7 | B8: You | C8: Check how to get access to the Google Agricultural Understanding (ALU/AMED) API; if not available, Claude Code uses a 30 m buffer | D8: https://developers.google.com/agricultural-understanding/understanding-data | E8: 15 min | F8: ALU / AMED
A9: 8 | B9: You | C9: Obtain the INDO-BLIGHTCAST paper and put the PDF in the repo's docs/references (git-ignored if copyrighted) | D9: https://www.researchgate.net/publication/306045270_INDO-BLIGHTCAST_-_a_model_for_forecasting_late_blight_across_agroecologies | E9: Depends on access | F9: Late blight rule
A10: 9 | B10: You + expert | C10: After Claude Code drafts the disease-rules file from TNAU etc., get it reviewed by an agronomist / KVK scientist before enabling it | D10: https://agritech.tnau.ac.in/crop_protection/crop_prot.html | E10: 1-2 hours of expert time | F10: All disease rules
A11: 10 | B11: You | C11: Note Soil Health Card values for 3 demo villages by hand to sanity-check SoilGrids | D11: https://www.soilhealth.dac.gov.in/nutrient-dashboard | E11: 30 min | F11: Soil ground truth
A13: Do steps 1-2 before running the geospatial / context prompts. Everything else Claude Code can build from the prompt.

Sheet Leads to Verify
A1: # | B1: Crop | C1: Dataset / Paper Title | D1: Link | E1: What is known | F1: Next Step
A2: 1 | B2: Chilli | C2: Chili Leaf Disease Dataset (Bangladesh, smartphone) | D2: https://data.mendeley.com/datasets/wzc6r6w5w5/2 | E2: Bangladesh; Anthracnose, Cercospora, Leaf curl, Healthy (from title) | F2: Open page, check counts
A3: 2 | B3: Chilli | C3: Chili Plant Leaf Disease and Growth Stage Dataset | D3: https://data.mendeley.com/datasets/w9mr3vf56s/1 | E3: Bangladesh (from title) | F3: Open page, check counts
A4: 3 | B4: Tomato; Chilli; Papaya | C4: TCP (Tomato-Chilli-Papaya Fruit and Leaf) Disease Dataset | D4: https://data.mendeley.com/datasets/m4m6j2tjfj/2 | E4: Origin not confirmed | F4: Check origin and leaf-only classes
A5: 4 | B5: Tomato | C5: Tomato Leaf Image Dataset for Disease Analysis in Real-World Environment | D5: https://data.mendeley.com/datasets/rnbsw72zb5/1 | E5: Real-world environment (from title) | F5: Check origin
A6: 5 | B6: Tomato | C6: Tomato Leaf Image Dataset (TLID/PTLID) | D6: https://data.mendeley.com/datasets/kt64b2kh89/1 | E6: Unknown | F6: Check origin
A7: 6 | B7: Tomato | C7: Tomato Leaf Dataset | D7: https://data.mendeley.com/datasets/rv3kxfv47y/1 | E7: Unknown | F7: Check origin
A8: 7 | B8: Brinjal | C8: Brinjal (Eggplant) Leaf Disease Image Dataset | D8: https://data.mendeley.com/datasets/6k94t3fydy/1 | E8: Page returned 403 | F8: Open manually
A9: 8 | B9: Brinjal | C9: Eggplant Leaf Disease Dataset | D9: https://data.mendeley.com/datasets/mn8vfr9bw2/2 | E9: Unknown | F9: Check origin
A10: 9 | B10: Brinjal | C10: Comprehensive eggplant leaf disease dataset (paper) | D10: https://pmc.ncbi.nlm.nih.gov/articles/PMC11870215/ | E10: Data in Brief 2025 | F10: Check origin and repository
A11: 10 | B11: Cauliflower | C11: VegNet cauliflower dataset | D11: https://data.mendeley.com/datasets/t5sssfgn2v/3 | E11: Bangladesh (per paper) | F11: Compare with Tamil Nadu Multi-Crop cauliflower
A12: 11 | B12: Cauliflower | C12: Cauliflower Leaf Diseases: A Computer Vision Dataset | D12: https://data.mendeley.com/datasets/x995snz7p3/1 | E12: Unknown | F12: Check origin
A13: 12 | B13: Banana | C13: BananaLSD (Banana Leaf Spot Diseases) | D13: https://data.mendeley.com/datasets/9tb7k297ff/1 | E13: Bangladesh (per paper) | F13: Possible Tier 2 banana source
... A30: 29 | B30: Multi (govt) | C30: CROPIC dataset on AIKosh (IndiaAI) | D30: https://aikosh.indiaai.gov.in/home/datasets/details/cropic_dataset.html | E30: Page is JavaScript-only; content not readable | F30: Open in browser; government crop photo dataset

Sheet All Sources
A1: # | B1: URL | C1: Type | D1: Used For (Crop / Dataset) | E1: Host
A2: 1 | B2: https://data.mendeley.com/datasets/tf9dtfz9m6/3 | C2: Dataset (Mendeley Data) | D2: New crop - COLD - Chilli leaf dataset | E2: data.mendeley.com
A3: 2 | B3: https://pmc.ncbi.nlm.nih.gov/articles/PMC11170091/ | C3: Research paper | D3: New crop - COLD - Chilli leaf dataset; New crop - COLD - Onion leaf dataset | E3: pmc.ncbi.nlm.nih.gov
A4: 3 | B4: https://data.mendeley.com/datasets/7nxxn4gj5s/3 | C4: Dataset (Mendeley Data) | D4: New crop - COLD - Onion leaf dataset | E4: data.mendeley.com
A5: 4 | B5: https://data.mendeley.com/datasets/94fzcdz8gz/1 | C5: Dataset (Mendeley Data) | D5: New crop - CS-D - Tea leaf disease dataset (Assam) | E5: data.mendeley.com
A6: 5 | B6: https://www.sciencedirect.com/science/article/pii/S2352340925009722 | C6: Research paper | D6: New crop - CS-D - Tea leaf disease dataset (Assam) | E6: sciencedirect.com
A7: 6 | B7: https://data.mendeley.com/datasets/hkbgh5s3b7/1 | C7: Dataset (Mendeley Data) | D7: New crop - MH-SoyaHealthVision (leaf + UAV) | E7: data.mendeley.com
A8: 7 | B8: https://www.sciencedirect.com/science/article/pii/S2352340925002495 | C8: Research paper | D8: New crop - MH-SoyaHealthVision (leaf + UAV) | E8: sciencedirect.com
A9: 8 | B9: https://data.mendeley.com/datasets/w2r855hpx8/2 | C9: Dataset (Mendeley Data) | D9: New crop - SoyNet - Indian soybean leaf dataset | E9: data.mendeley.com
A10: 9 | B10: https://pmc.ncbi.nlm.nih.gov/articles/PMC10415694/ | C10: Research paper | D10: New crop - SoyNet - Indian soybean leaf dataset | E10: pmc.ncbi.nlm.nih.gov
A11: 10 | B11: https://data.mendeley.com/datasets/9m2dcb5mmr/3 | C11: Dataset (Mendeley Data) | D11: New crop - Indigenous Dataset for Apple Leaf Disease Detection | E11: data.mendeley.com
A12: 11 | B12: https://data.mendeley.com/datasets/8nnd2ypcv3/1 | C12: Dataset (Mendeley Data) | D12: New crop - Niphad Grape Leaf Disease Dataset (NGLD) | E12: data.mendeley.com
A13: 12 | B13: https://data.mendeley.com/datasets/6243z8r6t6/1 | C13: Dataset (Mendeley Data) | D13: New crop - Multi-Crop Disease Dataset (Tamil Nadu) | E13: data.mendeley.com
... A101: 100 | B101: https://www.researchgate.net/publication/306045270_INDO-BLIGHTCAST_-_a_model_for_forecasting_late_blight_across_agroecologies | C101: Context data source | D101: INDO-BLIGHTCAST (potato late blight model) - ICAR-Central Potato Research Institute | E101: researchgate.net
